-- phpMyAdmin SQL Dump
-- version 4.8.5
-- https://www.phpmyadmin.net/
--
-- Host: localhost
-- Generation Time: Jun 09, 2021 at 12:56 PM
-- Server version: 10.1.38-MariaDB
-- PHP Version: 7.1.26

SET SQL_MODE = "NO_AUTO_VALUE_ON_ZERO";
SET AUTOCOMMIT = 0;
START TRANSACTION;
SET time_zone = "+00:00";


/*!40101 SET @OLD_CHARACTER_SET_CLIENT=@@CHARACTER_SET_CLIENT */;
/*!40101 SET @OLD_CHARACTER_SET_RESULTS=@@CHARACTER_SET_RESULTS */;
/*!40101 SET @OLD_COLLATION_CONNECTION=@@COLLATION_CONNECTION */;
/*!40101 SET NAMES utf8mb4 */;

--
-- Database: `ezana_lms`
--

-- --------------------------------------------------------

--
-- Table structure for table `ezanaLMS_AcademicSettings`
--

CREATE TABLE `ezanaLMS_AcademicSettings` (
  `id` int(20) NOT NULL,
  `current_academic_year` varchar(200) NOT NULL,
  `current_semester` varchar(200) NOT NULL,
  `status` varchar(200) NOT NULL,
  `start_date` varchar(200) NOT NULL,
  `end_date` varchar(200) NOT NULL
) ENGINE=InnoDB DEFAULT CHARSET=latin1;

--
-- Dumping data for table `ezanaLMS_AcademicSettings`
--

INSERT INTO `ezanaLMS_AcademicSettings` (`id`, `current_academic_year`, `current_semester`, `status`, `start_date`, `end_date`) VALUES
(1, 'Sep 2020 - Sep 2021 ', 'Jan - Apr ', 'Current', '2021-01-04', '2021-04-17');

-- --------------------------------------------------------

--
-- Table structure for table `ezanaLMS_Admins`
--

CREATE TABLE `ezanaLMS_Admins` (
  `id` varchar(200) NOT NULL,
  `name` varchar(200) NOT NULL,
  `email` varchar(200) NOT NULL,
  `password` varchar(200) NOT NULL,
  `rank` varchar(200) NOT NULL,
  `created_at` timestamp(6) NOT NULL DEFAULT CURRENT_TIMESTAMP(6) ON UPDATE CURRENT_TIMESTAMP(6),
  `phone` varchar(200) NOT NULL,
  `gender` varchar(200) NOT NULL,
  `employee_id` varchar(200) NOT NULL,
  `date_employed` varchar(200) NOT NULL,
  `school` varchar(200) NOT NULL,
  `school_id` varchar(200) NOT NULL,
  `adr` varchar(200) NOT NULL,
  `previledge` varchar(200) NOT NULL,
  `profile_pic` varchar(200) NOT NULL,
  `status` varchar(200) NOT NULL
) ENGINE=InnoDB DEFAULT CHARSET=latin1;

--
-- Dumping data for table `ezanaLMS_Admins`
--

INSERT INTO `ezanaLMS_Admins` (`id`, `name`, `email`, `password`, `rank`, `created_at`, `phone`, `gender`, `employee_id`, `date_employed`, `school`, `school_id`, `adr`, `previledge`, `profile_pic`, `status`) VALUES
('a69681bcf334ae130217fea4505fd3c994f5683f', 'Ezana LMS Sys Admin', 'sysadmin@ezana.org', 'adcd7048512e64b48da55b027577886ee5a36350', 'System Administrator', '2021-04-20 08:10:46.748526', '+90127690-90', 'Male', '90-126', '2021-04-07', 'School Of Computer Science', 'ba52fc866349d5af05addecba35600d0fd970ef7ba', '129 - 90 127 Localhost', 'Edit And Delete', 'logo.png', '');

-- --------------------------------------------------------

--
-- Table structure for table `ezanaLMS_AssignmentsAttempts`
--

CREATE TABLE `ezanaLMS_AssignmentsAttempts` (
  `id` varchar(200) NOT NULL,
  `assignment_id` varchar(200) NOT NULL,
  `module_name` varchar(200) NOT NULL,
  `module_code` varchar(200) NOT NULL,
  `std_name` varchar(200) NOT NULL,
  `std_regno` varchar(200) NOT NULL,
  `attachments` longtext NOT NULL,
  `created_at` timestamp NOT NULL DEFAULT CURRENT_TIMESTAMP ON UPDATE CURRENT_TIMESTAMP
) ENGINE=InnoDB DEFAULT CHARSET=latin1;

-- --------------------------------------------------------

--
-- Table structure for table `ezanaLMS_BugReports`
--

CREATE TABLE `ezanaLMS_BugReports` (
  `id` varchar(200) NOT NULL,
  `name` varchar(200) NOT NULL,
  `email` varchar(200) NOT NULL,
  `number` varchar(200) NOT NULL,
  `bug_title` longtext NOT NULL,
  `bug_details` longblob NOT NULL,
  `severity` longtext NOT NULL,
  `date_reported` timestamp NOT NULL DEFAULT CURRENT_TIMESTAMP ON UPDATE CURRENT_TIMESTAMP,
  `status` longtext NOT NULL
) ENGINE=InnoDB DEFAULT CHARSET=latin1;

-- --------------------------------------------------------

--
-- Table structure for table `ezanaLMS_Calendar`
--

CREATE TABLE `ezanaLMS_Calendar` (
  `id` varchar(200) NOT NULL,
  `faculty_id` varchar(200) NOT NULL,
  `academic_yr` varchar(200) NOT NULL,
  `semester_name` varchar(200) NOT NULL,
  `semester_start` varchar(200) NOT NULL,
  `semester_end` varchar(200) NOT NULL,
  `details` blob NOT NULL
) ENGINE=InnoDB DEFAULT CHARSET=latin1;

--
-- Dumping data for table `ezanaLMS_Calendar`
--

INSERT INTO `ezanaLMS_Calendar` (`id`, `faculty_id`, `academic_yr`, `semester_name`, `semester_start`, `semester_end`, `details`) VALUES
('b7daaac94efd4d165d2462794086b4a130215b421f', 'ba52fc866349d5af05addecba35600d0fd970ef7ba', 'Sep 2020 - Sep 2021', 'Jan - Apr', '2021-04-21', '2021-04-21', 0x3c703e466163756c7479206f70656e206461793c62723e3c2f703e),
('d2c4b201ecbf33627bfe50ad572a1d8994cdcc2dd4', 'ba52fc866349d5af05addecba35600d0fd970ef7ba', 'Sep 2020 - Sep 2021 ', 'Jan - Apr ', '2021-04-12', '2021-04-17', 0x466163756c7479204578616d207765656b203c62723e);

-- --------------------------------------------------------

--
-- Table structure for table `ezanaLMS_ClassRecordings`
--

CREATE TABLE `ezanaLMS_ClassRecordings` (
  `id` varchar(200) NOT NULL,
  `faculty_id` varchar(200) NOT NULL,
  `module_id` varchar(200) NOT NULL,
  `class_name` varchar(200) NOT NULL,
  `lecturer_name` varchar(200) NOT NULL,
  `external_link` varchar(200) NOT NULL,
  `video` longtext NOT NULL,
  `details` longblob NOT NULL,
  `created_at` varchar(200) NOT NULL,
  `updated_at` varchar(200) NOT NULL
) ENGINE=InnoDB DEFAULT CHARSET=latin1;

-- --------------------------------------------------------

--
-- Table structure for table `ezanaLMS_CourseDirectories`
--

CREATE TABLE `ezanaLMS_CourseDirectories` (
  `id` varchar(200) NOT NULL,
  `course_code` varchar(200) NOT NULL,
  `course_name` varchar(200) NOT NULL,
  `course_materials` varchar(200) NOT NULL,
  `created_at` timestamp NOT NULL DEFAULT CURRENT_TIMESTAMP ON UPDATE CURRENT_TIMESTAMP,
  `updated_at` timestamp NOT NULL DEFAULT '0000-00-00 00:00:00'
) ENGINE=InnoDB DEFAULT CHARSET=latin1;

-- --------------------------------------------------------

--
-- Table structure for table `ezanaLMS_CourseMemo`
--

CREATE TABLE `ezanaLMS_CourseMemo` (
  `id` varchar(200) NOT NULL,
  `course_id` varchar(200) NOT NULL,
  `course_name` varchar(200) NOT NULL,
  `course_memo` longblob NOT NULL,
  `attachments` longtext NOT NULL,
  `created_by` varchar(200) NOT NULL,
  `created_on` timestamp NOT NULL DEFAULT CURRENT_TIMESTAMP ON UPDATE CURRENT_TIMESTAMP,
  `faculty_id` varchar(200) NOT NULL
) ENGINE=InnoDB DEFAULT CHARSET=latin1;

-- --------------------------------------------------------

--
-- Table structure for table `ezanaLMS_Courses`
--

CREATE TABLE `ezanaLMS_Courses` (
  `id` varchar(200) NOT NULL,
  `faculty_id` varchar(200) NOT NULL,
  `faculty_name` varchar(200) NOT NULL,
  `department_id` varchar(200) NOT NULL,
  `department_name` varchar(200) NOT NULL,
  `code` varchar(200) NOT NULL,
  `name` varchar(200) NOT NULL,
  `hod` varchar(200) NOT NULL,
  `email` varchar(200) NOT NULL,
  `details` longblob NOT NULL
) ENGINE=InnoDB DEFAULT CHARSET=latin1;

--
-- Dumping data for table `ezanaLMS_Courses`
--

INSERT INTO `ezanaLMS_Courses` (`id`, `faculty_id`, `faculty_name`, `department_id`, `department_name`, `code`, `name`, `hod`, `email`, `details`) VALUES
('02abafc898bc2b993cc646fff7fd94078442f33c1c', 'ba52fc866349d5af05addecba35600d0fd970ef7ba', 'School Of Computing Sciences', '91fb1b9f83b9aa2fe398e4dd6e6a449490e89659e2', 'Quantum Computing', 'CIQC', 'Certificate In Quantum Computing', '', '', 0x3c703e436572746966696361746520496e205175616e74756d20436f6d707574696e67436572746966696361746520496e205175616e74756d20436f6d707574696e67436572746966696361746520496e205175616e74756d20436f6d707574696e67436572746966696361746520496e205175616e74756d20436f6d707574696e67436572746966696361746520496e205175616e74756d20436f6d707574696e67436572746966696361746520496e205175616e74756d20436f6d707574696e67436572746966696361746520496e205175616e74756d20436f6d707574696e67436572746966696361746520493c62723e3c2f703e),
('49943644fdc0a65810f0c2f58de2ec69d0c8a9d307', 'ba52fc866349d5af05addecba35600d0fd970ef7ba', 'School Of Computing Sciences', 'e8ba39cec3ef9f1842be2b46f65aa7fca0737e674e', 'Computer Science', 'BCS', 'Bachelors In Computer Science', 'Mr James Holden', 'jamesholden@bcs.ezana.org', 0x3c703e436f6d707574657220736369656e636520697320746865207374756479206f6620616c676f726974686d69632070726f6365737365732c20636f6d7075746174696f6e616c206d616368696e657320616e6420636f6d7075746174696f6e20697473656c662e5b315d2041732061206469736369706c696e652c20636f6d707574657220736369656e6365207370616e7320612072616e6765206f6620746f706963732066726f6d207468656f7265746963616c2073747564696573206f6620616c676f726974686d732c20636f6d7075746174696f6e20616e6420696e666f726d6174696f6e20746f207468652070726163746963616c20697373756573206f6620696d706c656d656e74696e6720636f6d7075746174696f6e616c2073797374656d7320696e20686172647761726520616e6420736f6674776172652e5b325d5b335d0d0a0d0a497473206669656c64732063616e206265206469766964656420696e746f207468656f7265746963616c20616e642070726163746963616c206469736369706c696e65732e20466f72206578616d706c652c20746865207468656f7279206f6620636f6d7075746174696f6e20636f6e6365726e73206162737472616374206d6f64656c73206f6620636f6d7075746174696f6e20616e642067656e6572616c20636c6173736573206f662070726f626c656d7320746861742063616e20626520736f6c766564207573696e67207468656d2c207768696c6520636f6d7075746572206772617068696373206f7220636f6d7075746174696f6e616c2067656f6d6574727920656d70686173697a65206d6f7265207370656369666963206170706c69636174696f6e732e20416c676f726974686d7320616e64206461746120737472756374757265732068617665206265656e2063616c6c656420746865206865617274206f6620636f6d707574657220736369656e63652e5b345d2050726f6772616d6d696e67206c616e6775616765207468656f727920636f6e73696465727320617070726f616368657320746f20746865206465736372697074696f6e206f6620636f6d7075746174696f6e616c2070726f6365737365732c207768696c6520636f6d70757465722070726f6772616d6d696e6720696e766f6c7665732074686520757365206f66207468656d20746f2063726561746520636f6d706c65782073797374656d732e203c2f703e3c703e3c62723e3c2f703e3c703e436f6d7075746572206172636869746563747572652064657363726962657320636f6e737472756374696f6e206f6620636f6d707574657220636f6d706f6e656e747320616e6420636f6d70757465722d6f706572617465642065717569706d656e742e204172746966696369616c20696e74656c6c6967656e63652061696d7320746f2073796e74686573697a6520676f616c2d6f7269656e74617465642070726f63657373657320737563682061732070726f626c656d2d736f6c76696e672c206465636973696f6e2d6d616b696e672c20656e7669726f6e6d656e74616c2061646170746174696f6e2c20706c616e6e696e6720616e64206c6561726e696e6720666f756e6420696e2068756d616e7320616e6420616e696d616c732e2041206469676974616c20636f6d70757465722069732063617061626c65206f662073696d756c6174696e6720766172696f757320696e666f726d6174696f6e2070726f6365737365732e5b355d205468652066756e64616d656e74616c20636f6e6365726e206f6620636f6d707574657220736369656e63652069732064657465726d696e696e6720776861742063616e20616e642063616e6e6f74206265206175746f6d617465642e5b365d20436f6d707574657220736369656e746973747320757375616c6c7920666f637573206f6e2061636164656d69632072657365617263682e2054686520547572696e672041776172642069732067656e6572616c6c79207265636f676e697a65642061732074686520686967686573742064697374696e6374696f6e20696e20636f6d707574657220736369656e6365732e203c2f703e),
('78a65ef45e7ad2a9b201b96f227b353e3bd0ecf6b1', 'ba52fc866349d5af05addecba35600d0fd970ef7ba', 'School Of Computing Sciences', '801b96f782310aa15ae942e6e6dd6fea0ec8fc0f57', 'Computational Science And Mathematics', 'BCM', 'Bachelors In Computational Mathematics', 'Mrs Hanna Montana', 'hannamont@bcm.ezana.org', 0x3c703e436f6d707574657220736369656e636520697320746865207374756479206f6620616c676f726974686d69632070726f6365737365732c20636f6d7075746174696f6e616c206d616368696e657320616e6420636f6d7075746174696f6e20697473656c662e5b315d2041732061206469736369706c696e652c20636f6d707574657220736369656e6365207370616e7320612072616e6765206f6620746f706963732066726f6d207468656f7265746963616c2073747564696573206f6620616c676f726974686d732c20636f6d7075746174696f6e20616e6420696e666f726d6174696f6e20746f207468652070726163746963616c20697373756573206f6620696d706c656d656e74696e6720636f6d7075746174696f6e616c2073797374656d7320696e20686172647761726520616e6420736f6674776172652e5b325d5b335d0d0a0d0a497473206669656c64732063616e206265206469766964656420696e746f207468656f7265746963616c20616e642070726163746963616c206469736369706c696e65732e20466f72206578616d706c652c20746865207468656f7279206f6620636f6d7075746174696f6e20636f6e6365726e73206162737472616374206d6f64656c73206f6620636f6d7075746174696f6e20616e642067656e6572616c20636c6173736573206f662070726f626c656d7320746861742063616e20626520736f6c766564207573696e67207468656d2c207768696c6520636f6d7075746572206772617068696373206f7220636f6d7075746174696f6e616c2067656f6d6574727920656d70686173697a65206d6f7265207370656369666963206170706c69636174696f6e732e20416c676f726974686d7320616e64206461746120737472756374757265732068617665206265656e2063616c6c656420746865206865617274206f6620636f6d707574657220736369656e63652e3c2f703e3c703e3c62723e3c2f703e3c703e5b345d2050726f6772616d6d696e67206c616e6775616765207468656f727920636f6e73696465727320617070726f616368657320746f20746865206465736372697074696f6e206f6620636f6d7075746174696f6e616c2070726f6365737365732c207768696c6520636f6d70757465722070726f6772616d6d696e6720696e766f6c7665732074686520757365206f66207468656d20746f2063726561746520636f6d706c65782073797374656d732e20436f6d7075746572206172636869746563747572652064657363726962657320636f6e737472756374696f6e206f6620636f6d707574657220636f6d706f6e656e747320616e6420636f6d70757465722d6f706572617465642065717569706d656e742e204172746966696369616c20696e74656c6c6967656e63652061696d7320746f2073796e74686573697a6520676f616c2d6f7269656e74617465642070726f63657373657320737563682061732070726f626c656d2d736f6c76696e672c206465636973696f6e2d6d616b696e672c20656e7669726f6e6d656e74616c2061646170746174696f6e2c20706c616e6e696e6720616e64206c6561726e696e6720666f756e6420696e2068756d616e7320616e6420616e696d616c732e2041206469676974616c20636f6d70757465722069732063617061626c65206f662073696d756c6174696e6720766172696f757320696e666f726d6174696f6e2070726f6365737365732e5b355d205468652066756e64616d656e74616c20636f6e6365726e206f6620636f6d707574657220736369656e63652069732064657465726d696e696e6720776861742063616e20616e642063616e6e6f74206265206175746f6d617465642e5b365d20436f6d707574657220736369656e746973747320757375616c6c7920666f637573206f6e2061636164656d69632072657365617263682e2054686520547572696e672041776172642069732067656e6572616c6c79207265636f676e697a65642061732074686520686967686573742064697374696e6374696f6e20696e20636f6d707574657220736369656e6365732e203c2f703e),
('83dccbf9942bbada9ce4696f6a075e51e98b4de662', 'ba52fc866349d5af05addecba35600d0fd970ef7ba', 'School Of Computing Sciences', '801b96f782310aa15ae942e6e6dd6fea0ec8fc0f57', 'Computational Science And Mathematics', 'DICM', 'Diploma In Computational Mathematics', 'Mrs Jane F Doe', 'janedoe@dicm.ezana.org', 0x436f6d707574657220736369656e636520697320746865207374756479206f6620616c676f726974686d69632070726f6365737365732c20636f6d7075746174696f6e616c206d616368696e657320616e6420636f6d7075746174696f6e20697473656c662e5b315d2041732061206469736369706c696e652c20636f6d707574657220736369656e6365207370616e7320612072616e6765206f6620746f706963732066726f6d207468656f7265746963616c2073747564696573206f6620616c676f726974686d732c20636f6d7075746174696f6e20616e6420696e666f726d6174696f6e20746f207468652070726163746963616c20697373756573206f6620696d706c656d656e74696e6720636f6d7075746174696f6e616c2073797374656d7320696e20686172647761726520616e6420736f6674776172652e5b325d5b335d0d0a0d0a497473206669656c64732063616e206265206469766964656420696e746f207468656f7265746963616c20616e642070726163746963616c206469736369706c696e65732e20466f72206578616d706c652c20746865207468656f7279206f6620636f6d7075746174696f6e20636f6e6365726e73206162737472616374206d6f64656c73206f6620636f6d7075746174696f6e20616e642067656e6572616c20636c6173736573206f662070726f626c656d7320746861742063616e20626520736f6c766564207573696e67207468656d2c207768696c6520636f6d7075746572206772617068696373206f7220636f6d7075746174696f6e616c2067656f6d6574727920656d70686173697a65206d6f7265207370656369666963206170706c69636174696f6e732e20416c676f726974686d7320616e64206461746120737472756374757265732068617665206265656e2063616c6c656420746865206865617274206f6620636f6d707574657220736369656e63652e5b345d2050726f6772616d6d696e67206c616e6775616765207468656f727920636f6e73696465727320617070726f616368657320746f20746865206465736372697074696f6e206f6620636f6d7075746174696f6e616c2070726f6365737365732c207768696c6520636f6d70757465722070726f6772616d6d696e6720696e766f6c7665732074686520757365206f66207468656d20746f2063726561746520636f6d706c65782073797374656d732e20436f6d7075746572206172636869746563747572652064657363726962657320636f6e737472756374696f6e206f6620636f6d707574657220636f6d706f6e656e747320616e6420636f6d70757465722d6f706572617465642065717569706d656e742e204172746966696369616c20696e74656c6c6967656e63652061696d7320746f2073796e74686573697a6520676f616c2d6f7269656e74617465642070726f63657373657320737563682061732070726f626c656d2d736f6c76696e672c206465636973696f6e2d6d616b696e672c20656e7669726f6e6d656e74616c2061646170746174696f6e2c20706c616e6e696e6720616e64206c6561726e696e6720666f756e6420696e2068756d616e7320616e6420616e696d616c732e2041206469676974616c20636f6d70757465722069732063617061626c65206f662073696d756c6174696e6720766172696f757320696e666f726d6174696f6e2070726f6365737365732e5b355d205468652066756e64616d656e74616c20636f6e6365726e206f6620636f6d707574657220736369656e63652069732064657465726d696e696e6720776861742063616e20616e642063616e6e6f74206265206175746f6d617465642e5b365d20436f6d707574657220736369656e746973747320757375616c6c7920666f637573206f6e2061636164656d69632072657365617263682e2054686520547572696e672041776172642069732067656e6572616c6c79207265636f676e697a65642061732074686520686967686573742064697374696e6374696f6e20696e20636f6d707574657220736369656e6365732e20),
('9bd615c255bc533378e946171d9b8fa61980605a70', 'ba52fc866349d5af05addecba35600d0fd970ef7ba', 'School Of Computing Sciences', 'e8ba39cec3ef9f1842be2b46f65aa7fca0737e674e', 'Computer Science', 'DICS', 'Diploma In Computer Science', 'Mrs Jane F Doe', 'janefdoe@dics.ezana.org', 0x436f6d707574657220736369656e636520697320746865207374756479206f6620616c676f726974686d69632070726f6365737365732c20636f6d7075746174696f6e616c206d616368696e657320616e6420636f6d7075746174696f6e20697473656c662e5b315d2041732061206469736369706c696e652c20636f6d707574657220736369656e6365207370616e7320612072616e6765206f6620746f706963732066726f6d207468656f7265746963616c2073747564696573206f6620616c676f726974686d732c20636f6d7075746174696f6e20616e6420696e666f726d6174696f6e20746f207468652070726163746963616c20697373756573206f6620696d706c656d656e74696e6720636f6d7075746174696f6e616c2073797374656d7320696e20686172647761726520616e6420736f6674776172652e5b325d5b335d0d0a0d0a497473206669656c64732063616e206265206469766964656420696e746f207468656f7265746963616c20616e642070726163746963616c206469736369706c696e65732e20466f72206578616d706c652c20746865207468656f7279206f6620636f6d7075746174696f6e20636f6e6365726e73206162737472616374206d6f64656c73206f6620636f6d7075746174696f6e20616e642067656e6572616c20636c6173736573206f662070726f626c656d7320746861742063616e20626520736f6c766564207573696e67207468656d2c207768696c6520636f6d7075746572206772617068696373206f7220636f6d7075746174696f6e616c2067656f6d6574727920656d70686173697a65206d6f7265207370656369666963206170706c69636174696f6e732e20416c676f726974686d7320616e64206461746120737472756374757265732068617665206265656e2063616c6c656420746865206865617274206f6620636f6d707574657220736369656e63652e5b345d2050726f6772616d6d696e67206c616e6775616765207468656f727920636f6e73696465727320617070726f616368657320746f20746865206465736372697074696f6e206f6620636f6d7075746174696f6e616c2070726f6365737365732c207768696c6520636f6d70757465722070726f6772616d6d696e6720696e766f6c7665732074686520757365206f66207468656d20746f2063726561746520636f6d706c65782073797374656d732e20436f6d7075746572206172636869746563747572652064657363726962657320636f6e737472756374696f6e206f6620636f6d707574657220636f6d706f6e656e747320616e6420636f6d70757465722d6f706572617465642065717569706d656e742e204172746966696369616c20696e74656c6c6967656e63652061696d7320746f2073796e74686573697a6520676f616c2d6f7269656e74617465642070726f63657373657320737563682061732070726f626c656d2d736f6c76696e672c206465636973696f6e2d6d616b696e672c20656e7669726f6e6d656e74616c2061646170746174696f6e2c20706c616e6e696e6720616e64206c6561726e696e6720666f756e6420696e2068756d616e7320616e6420616e696d616c732e2041206469676974616c20636f6d70757465722069732063617061626c65206f662073696d756c6174696e6720766172696f757320696e666f726d6174696f6e2070726f6365737365732e5b355d205468652066756e64616d656e74616c20636f6e6365726e206f6620636f6d707574657220736369656e63652069732064657465726d696e696e6720776861742063616e20616e642063616e6e6f74206265206175746f6d617465642e5b365d20436f6d707574657220736369656e746973747320757375616c6c7920666f637573206f6e2061636164656d69632072657365617263682e2054686520547572696e672041776172642069732067656e6572616c6c79207265636f676e697a65642061732074686520686967686573742064697374696e6374696f6e20696e20636f6d707574657220736369656e6365732e20);

-- --------------------------------------------------------

--
-- Table structure for table `ezanaLMS_DepartmentalMemos`
--

CREATE TABLE `ezanaLMS_DepartmentalMemos` (
  `id` varchar(200) NOT NULL,
  `department_id` varchar(200) NOT NULL,
  `department_name` varchar(200) NOT NULL,
  `departmental_memo` longblob NOT NULL,
  `attachments` longtext NOT NULL,
  `created_at` timestamp NOT NULL DEFAULT CURRENT_TIMESTAMP ON UPDATE CURRENT_TIMESTAMP,
  `created_by` varchar(200) NOT NULL,
  `updated_at` varchar(200) NOT NULL,
  `type` varchar(200) NOT NULL,
  `faculty_id` varchar(200) NOT NULL
) ENGINE=InnoDB DEFAULT CHARSET=latin1;

-- --------------------------------------------------------

--
-- Table structure for table `ezanaLMS_Departments`
--

CREATE TABLE `ezanaLMS_Departments` (
  `id` varchar(200) NOT NULL,
  `code` varchar(200) NOT NULL,
  `name` varchar(200) NOT NULL,
  `faculty_id` varchar(200) NOT NULL,
  `faculty_name` varchar(200) NOT NULL,
  `hod` varchar(200) NOT NULL,
  `details` longblob NOT NULL,
  `created_at` varchar(200) NOT NULL
) ENGINE=InnoDB DEFAULT CHARSET=latin1;

--
-- Dumping data for table `ezanaLMS_Departments`
--

INSERT INTO `ezanaLMS_Departments` (`id`, `code`, `name`, `faculty_id`, `faculty_name`, `hod`, `details`, `created_at`) VALUES
('0946e40db117c701a20eff2dbbe438088c4a710958', 'TLSMX70269', 'STEM ', 'ba52fc866349d5af05addecba35600d0fd970ef7ba', 'School Of Computing Sciences', 'Mr Mart Devopers', 0x3c703e5354454dc2a0202d20536369656e63652c20746563686e6f6c6f677920656e67696e656572696e6720616e64204d617468656d61746963733c62723e3c2f703e, '21 Apr 2021'),
('34f3325cdbc195b70b5956f8977b7ec7e9f5f21119', 'QSHDE30579', 'Small Business Enterprises Management', '4613516b3bafbae4aceb88dc7b0f34bf30841c8cbc', 'School Of Business And Management Studies', 'Mrs Hanna Montana Jnr', 0x3c703e536d616c6c20427573696e65737320456e746572707269736573204d616e6167656d656e742069732061206465706172746d656e7420696e205363686f6f6c206f6620627573696e657373206d616e6167656d656e742e3c62723e3c2f703e, '21 Apr 2021'),
('801b96f782310aa15ae942e6e6dd6fea0ec8fc0f57', 'MRXQP81349', 'Computational Science And Mathematics', 'ba52fc866349d5af05addecba35600d0fd970ef7ba', 'School Of Computing Sciences', 'Mr James Holden', 0x3c703e436f6d707574657220736369656e636520697320746865207374756479206f6620616c676f726974686d69632070726f6365737365732c20636f6d7075746174696f6e616c206d616368696e657320616e6420636f6d7075746174696f6e20697473656c662e5b315d2041732061206469736369706c696e652c20636f6d707574657220736369656e6365207370616e7320612072616e6765206f6620746f706963732066726f6d207468656f7265746963616c2073747564696573206f6620616c676f726974686d732c20636f6d7075746174696f6e20616e6420696e666f726d6174696f6e20746f207468652070726163746963616c20697373756573206f6620696d706c656d656e74696e6720636f6d7075746174696f6e616c2073797374656d7320696e20686172647761726520616e6420736f6674776172652e5b325d5b335d0d0a0d0a497473206669656c64732063616e206265206469766964656420696e746f207468656f7265746963616c20616e642070726163746963616c206469736369706c696e65732e20466f72206578616d706c652c20746865207468656f7279206f6620636f6d7075746174696f6e20636f6e6365726e73206162737472616374206d6f64656c73206f6620636f6d7075746174696f6e20616e642067656e6572616c20636c6173736573206f662070726f626c656d7320746861742063616e20626520736f6c766564207573696e67207468656d2c207768696c6520636f6d7075746572206772617068696373206f7220636f6d7075746174696f6e616c2067656f6d6574727920656d70686173697a65206d6f7265207370656369666963206170706c69636174696f6e732e20416c676f726974686d7320616e64206461746120737472756374757265732068617665206265656e2063616c6c656420746865206865617274206f6620636f6d707574657220736369656e63652e5b345d2050726f6772616d6d696e67206c616e6775616765207468656f727920636f6e73696465727320617070726f616368657320746f20746865206465736372697074696f6e206f6620636f6d7075746174696f6e616c2070726f6365737365732c207768696c6520636f6d70757465722070726f6772616d6d696e6720696e766f6c7665732074686520757365206f66207468656d20746f2063726561746520636f6d706c65782073797374656d732e20436f6d7075746572206172636869746563747572652064657363726962657320636f6e737472756374696f6e206f6620636f6d7075746572203c2f703e3c703e636f6d706f6e656e747320616e6420636f6d70757465722d6f706572617465642065717569706d656e742e204172746966696369616c20696e74656c6c6967656e63652061696d7320746f2073796e74686573697a6520676f616c2d6f7269656e74617465642070726f63657373657320737563682061732070726f626c656d2d736f6c76696e672c206465636973696f6e2d6d616b696e672c20656e7669726f6e6d656e74616c2061646170746174696f6e2c20706c616e6e696e6720616e64206c6561726e696e6720666f756e6420696e2068756d616e7320616e6420616e696d616c732e2041206469676974616c20636f6d70757465722069732063617061626c65206f662073696d756c6174696e6720766172696f757320696e666f726d6174696f6e2070726f6365737365732e5b355d205468652066756e64616d656e74616c20636f6e6365726e206f6620636f6d707574657220736369656e63652069732064657465726d696e696e6720776861742063616e20616e642063616e6e6f74206265206175746f6d617465642e5b365d20436f6d707574657220736369656e746973747320757375616c6c7920666f637573206f6e2061636164656d69632072657365617263682e2054686520547572696e672041776172642069732067656e6572616c6c79207265636f676e697a65642061732074686520686967686573742064697374696e6374696f6e20696e20636f6d707574657220736369656e6365732e203c2f703e, '29 Mar 2021'),
('83f09900a406e3f0619153a17c5b077bf8689acaea', 'ZJMYS57903', 'Logistics', '4613516b3bafbae4aceb88dc7b0f34bf30841c8cbc', 'School Of Business And Management Studies', 'Mrs JanetDoe', 0x3c703e4c6f676973746963732069732061206465706172746d656e74206f6e205363686f6f6c206f6620636f6d707574696e6720736369656e6365732e3c62723e3c2f703e, '21 Apr 2021'),
('91fb1b9f83b9aa2fe398e4dd6e6a449490e89659e2', 'TYMOJ19840', 'Quantum Computing', 'ba52fc866349d5af05addecba35600d0fd970ef7ba', 'School Of Computing Sciences', 'Mr James Doe', 0x3c703e5175616e74756d20436f6d707574696e6720697320616e6f74686572206465706172746d656e7420696e207363686f6f6c206f6620636f6d707574696e6720736369656e6365732e3c62723e3c2f703e, '21 Apr 2021'),
('e8ba39cec3ef9f1842be2b46f65aa7fca0737e674e', 'RUWKI08562', 'Computer Science', 'ba52fc866349d5af05addecba35600d0fd970ef7ba', 'School Of Computing Sciences', 'Mrs Hanna Montana', 0x3c703e3c7370616e207374796c653d22666f6e742d66616d696c793a202671756f743b436f7572696572204e65772671756f743b3b2220636f75726965723d2222206e6577223b223d22223e436f6d707574657220736369656e636520697320746865207374756479206f6620616c676f726974686d69632070726f6365737365732c20636f6d7075746174696f6e616c206d616368696e657320616e6420636f6d7075746174696f6e20697473656c662e5b315d2041732061206469736369706c696e652c20636f6d707574657220736369656e6365207370616e7320612072616e6765206f6620746f706963732066726f6d207468656f7265746963616c2073747564696573206f6620616c676f726974686d732c20636f6d7075746174696f6e20616e6420696e666f726d6174696f6e20746f207468652070726163746963616c20697373756573206f6620696d706c656d656e74696e6720636f6d7075746174696f6e616c2073797374656d7320696e20686172647761726520616e6420736f6674776172652e5b325d5b335d0d0a0d0a497473206669656c64732063616e206265206469766964656420696e746f207468656f7265746963616c20616e642070726163746963616c206469736369706c696e65732e20466f72206578616d706c652c20746865207468656f7279206f6620636f6d7075746174696f6e20636f6e6365726e73206162737472616374206d6f64656c73206f6620636f6d7075746174696f6e20616e642067656e6572616c20636c6173736573206f662070726f626c656d7320746861742063616e20626520736f6c766564207573696e67207468656d2c207768696c6520636f6d7075746572206772617068696373206f7220636f6d7075746174696f6e616c2067656f6d6574727920656d70686173697a65206d6f7265207370656369666963206170706c69636174696f6e732e20416c676f726974686d7320616e64206461746120737472756374757265732068617665206265656e2063616c6c656420746865206865617274206f6620636f6d707574657220736369656e63652e5b345d3c2f7370616e3e3c2f703e3c703e3c7370616e207374796c653d22666f6e742d66616d696c793a202671756f743b436f7572696572204e65772671756f743b3b2220636f75726965723d2222206e6577223b223d22223e2050726f6772616d6d696e67206c616e6775616765207468656f727920636f6e73696465727320617070726f616368657320746f20746865206465736372697074696f6e206f6620636f6d7075746174696f6e616c2070726f6365737365732c207768696c6520636f6d70757465722070726f6772616d6d696e6720696e766f6c7665732074686520757365206f66207468656d20746f2063726561746520636f6d706c65782073797374656d732e20436f6d7075746572206172636869746563747572652064657363726962657320636f6e737472756374696f6e206f6620636f6d707574657220636f6d706f6e656e747320616e6420636f6d70757465722d6f706572617465642065717569706d656e742e204172746966696369616c20696e74656c6c6967656e63652061696d7320746f2073796e74686573697a6520676f616c2d6f7269656e74617465642070726f63657373657320737563682061732070726f626c656d2d736f6c76696e672c206465636973696f6e2d6d616b696e672c20656e7669726f6e6d656e74616c2061646170746174696f6e2c20706c616e6e696e6720616e64206c6561726e696e6720666f756e6420696e2068756d616e7320616e6420616e696d616c732e2041206469676974616c20636f6d70757465722069732063617061626c65206f662073696d756c6174696e6720766172696f757320696e666f726d6174696f6e2070726f6365737365732e5b355d205468652066756e64616d656e74616c20636f6e6365726e206f6620636f6d707574657220736369656e63652069732064657465726d696e696e6720776861742063616e20616e642063616e6e6f74206265206175746f6d617465642e5b365d20436f6d707574657220736369656e746973747320757375616c6c7920666f637573206f6e2061636164656d69632072657365617263682e2054686520547572696e672041776172642069732067656e6572616c6c79207265636f676e697a65642061732074686520686967686573742064697374696e6374696f6e20696e20636f6d707574657220736369656e6365732e203c2f7370616e3e3c2f703e, '29 Mar 2021');

-- --------------------------------------------------------

--
-- Table structure for table `ezanaLMS_Enrollments`
--

CREATE TABLE `ezanaLMS_Enrollments` (
  `id` varchar(200) NOT NULL,
  `faculty_id` varchar(200) NOT NULL,
  `course_id` varchar(200) NOT NULL,
  `code` varchar(200) NOT NULL,
  `student_adm` varchar(200) NOT NULL,
  `student_name` varchar(200) NOT NULL,
  `semester_enrolled` varchar(200) NOT NULL,
  `course_code` varchar(200) NOT NULL,
  `course_name` varchar(200) NOT NULL,
  `semester_start` varchar(200) NOT NULL,
  `semester_end` varchar(200) NOT NULL,
  `academic_year_enrolled` varchar(200) NOT NULL,
  `module_name` varchar(200) NOT NULL,
  `module_code` varchar(200) NOT NULL,
  `created_at` varchar(200) NOT NULL,
  `updated_at` varchar(200) NOT NULL,
  `stage` varchar(200) NOT NULL
) ENGINE=InnoDB DEFAULT CHARSET=latin1;

-- --------------------------------------------------------

--
-- Table structure for table `ezanaLMS_ExamQuestions`
--

CREATE TABLE `ezanaLMS_ExamQuestions` (
  `id` varchar(200) NOT NULL,
  `module_code` varchar(200) NOT NULL,
  `module_name` varchar(200) NOT NULL,
  `exam_time` varchar(200) NOT NULL,
  `instructions` longtext NOT NULL,
  `attachment` varchar(200) NOT NULL,
  `created_at` varchar(200) NOT NULL,
  `type` varchar(200) NOT NULL
) ENGINE=InnoDB DEFAULT CHARSET=latin1;

-- --------------------------------------------------------

--
-- Table structure for table `ezanaLMS_Faculties`
--

CREATE TABLE `ezanaLMS_Faculties` (
  `id` varchar(200) NOT NULL,
  `code` varchar(200) NOT NULL,
  `name` varchar(200) NOT NULL,
  `head` varchar(200) NOT NULL,
  `email` varchar(200) NOT NULL,
  `details` longblob NOT NULL
) ENGINE=InnoDB DEFAULT CHARSET=latin1;

--
-- Dumping data for table `ezanaLMS_Faculties`
--

INSERT INTO `ezanaLMS_Faculties` (`id`, `code`, `name`, `head`, `email`, `details`) VALUES
('4613516b3bafbae4aceb88dc7b0f34bf30841c8cbc', 'YBJTD96340', 'School Of Business And Management Studies', 'Mr Johnes Doe', 'johnes@businessschool.ezana.org', 0x3c703e3c7370616e207374796c653d22666f6e742d66616d696c793a202671756f743b436f7572696572204e65772671756f743b3b223e436f6d707574657220736369656e636520697320746865207374756479206f6620616c676f726974686d69632070726f6365737365732c20636f6d7075746174696f6e616c206d616368696e657320616e6420636f6d7075746174696f6e20697473656c662e2041732061206469736369706c696e652c20636f6d707574657220736369656e6365207370616e7320612072616e6765206f66203c2f7370616e3e3c2f703e3c703e3c7370616e207374796c653d22666f6e742d66616d696c793a202671756f743b436f7572696572204e65772671756f743b3b223e746f706963732066726f6d207468656f7265746963616c2073747564696573206f6620616c676f726974686d732c20636f6d7075746174696f6e20616e6420696e666f726d6174696f6e20746f207468652070726163746963616c20697373756573206f6620696d706c656d656e74696e6720636f6d7075746174696f6e616c2073797374656d7320696e20686172647761726520616e6420736f6674776172652e3c2f7370616e3e203c2f703e),
('ba52fc866349d5af05addecba35600d0fd970ef7ba', 'KFQMH38140', 'School Of Computing Sciences', 'Mr James Doe', 'jamesdoe@computingsciences.org', 0x436f6d707574657220736369656e636520697320746865207374756479206f6620616c676f726974686d69632070726f6365737365732c20636f6d7075746174696f6e616c206d616368696e657320616e6420636f6d7075746174696f6e20697473656c662e2041732061206469736369706c696e652c20636f6d707574657220736369656e6365207370616e7320612072616e6765206f6620746f706963732066726f6d207468656f7265746963616c2073747564696573206f6620616c676f726974686d732c20636f6d7075746174696f6e20616e6420696e666f726d6174696f6e20746f207468652070726163746963616c20697373756573206f6620696d706c656d656e74696e6720636f6d7075746174696f6e616c2073797374656d7320696e20686172647761726520616e6420736f6674776172652e203c62723e);

-- --------------------------------------------------------

--
-- Table structure for table `ezanaLMS_Groups`
--

CREATE TABLE `ezanaLMS_Groups` (
  `id` varchar(200) NOT NULL,
  `module_id` varchar(200) NOT NULL,
  `faculty_id` varchar(200) NOT NULL,
  `code` varchar(200) NOT NULL,
  `name` varchar(200) NOT NULL,
  `details` longblob NOT NULL,
  `created_at` timestamp NOT NULL DEFAULT CURRENT_TIMESTAMP ON UPDATE CURRENT_TIMESTAMP,
  `updated_at` varchar(200) NOT NULL
) ENGINE=InnoDB DEFAULT CHARSET=latin1;

-- --------------------------------------------------------

--
-- Table structure for table `ezanaLMS_GroupsAnnouncements`
--

CREATE TABLE `ezanaLMS_GroupsAnnouncements` (
  `id` varchar(200) NOT NULL,
  `faculty_id` varchar(200) NOT NULL,
  `group_code` varchar(200) NOT NULL,
  `group_name` varchar(200) NOT NULL,
  `announcement` longblob NOT NULL,
  `created_by` varchar(200) NOT NULL,
  `created_at` timestamp NOT NULL DEFAULT CURRENT_TIMESTAMP ON UPDATE CURRENT_TIMESTAMP,
  `updated_at` varchar(200) NOT NULL
) ENGINE=InnoDB DEFAULT CHARSET=latin1;

-- --------------------------------------------------------

--
-- Table structure for table `ezanaLMS_GroupsAssignments`
--

CREATE TABLE `ezanaLMS_GroupsAssignments` (
  `id` varchar(200) NOT NULL,
  `faculty_id` varchar(200) NOT NULL,
  `module_id` varchar(200) NOT NULL,
  `group_code` varchar(200) NOT NULL,
  `group_name` varchar(200) NOT NULL,
  `type` varchar(200) NOT NULL,
  `details` longblob NOT NULL,
  `attachments` longtext NOT NULL,
  `submitted_on` varchar(200) NOT NULL,
  `created_at` timestamp NOT NULL DEFAULT CURRENT_TIMESTAMP ON UPDATE CURRENT_TIMESTAMP,
  `updated_at` varchar(200) NOT NULL
) ENGINE=InnoDB DEFAULT CHARSET=latin1;

-- --------------------------------------------------------

--
-- Table structure for table `ezanaLMS_GroupsAssignmentsGrades`
--

CREATE TABLE `ezanaLMS_GroupsAssignmentsGrades` (
  `id` varchar(200) NOT NULL,
  `faculty_id` varchar(200) NOT NULL,
  `group_name` varchar(200) NOT NULL,
  `group_code` varchar(200) NOT NULL,
  `project_id` varchar(200) NOT NULL,
  `Submitted_Files` longtext NOT NULL,
  `group_score` varchar(200) NOT NULL,
  `created_at` timestamp NOT NULL DEFAULT CURRENT_TIMESTAMP ON UPDATE CURRENT_TIMESTAMP
) ENGINE=InnoDB DEFAULT CHARSET=latin1;

-- --------------------------------------------------------

--
-- Table structure for table `ezanaLMS_Lecturers`
--

CREATE TABLE `ezanaLMS_Lecturers` (
  `id` varchar(200) NOT NULL,
  `number` varchar(200) NOT NULL,
  `name` varchar(200) NOT NULL,
  `idno` varchar(200) NOT NULL,
  `phone` varchar(200) NOT NULL,
  `email` varchar(200) NOT NULL,
  `adr` longtext NOT NULL,
  `password` varchar(200) NOT NULL,
  `profile_pic` varchar(200) NOT NULL,
  `created_at` varchar(200) NOT NULL,
  `faculty_id` varchar(200) NOT NULL,
  `faculty_name` varchar(200) NOT NULL,
  `work_email` varchar(200) NOT NULL,
  `gender` varchar(200) NOT NULL,
  `employee_id` varchar(200) NOT NULL,
  `date_employed` varchar(200) NOT NULL,
  `status` varchar(200) NOT NULL
) ENGINE=InnoDB DEFAULT CHARSET=latin1;

-- --------------------------------------------------------

--
-- Table structure for table `ezanaLMS_ModuleAssignments`
--

CREATE TABLE `ezanaLMS_ModuleAssignments` (
  `id` varchar(200) NOT NULL,
  `module_code` varchar(200) NOT NULL,
  `module_name` varchar(200) NOT NULL,
  `created_at` timestamp NOT NULL DEFAULT CURRENT_TIMESTAMP ON UPDATE CURRENT_TIMESTAMP,
  `submission_deadline` varchar(200) NOT NULL,
  `attachments` longtext NOT NULL,
  `faculty` varchar(200) NOT NULL
) ENGINE=InnoDB DEFAULT CHARSET=latin1;

-- --------------------------------------------------------

--
-- Table structure for table `ezanaLMS_ModuleAssigns`
--

CREATE TABLE `ezanaLMS_ModuleAssigns` (
  `id` varchar(200) NOT NULL,
  `faculty_id` varchar(200) NOT NULL,
  `course_id` varchar(200) NOT NULL,
  `module_code` varchar(200) NOT NULL,
  `module_name` varchar(200) NOT NULL,
  `lec_id` varchar(200) NOT NULL,
  `lec_name` varchar(200) NOT NULL,
  `created_at` varchar(200) NOT NULL,
  `updated_at` varchar(200) NOT NULL,
  `status` varchar(200) NOT NULL,
  `academic_year` varchar(200) NOT NULL,
  `semester` varchar(200) NOT NULL
) ENGINE=InnoDB DEFAULT CHARSET=latin1;

-- --------------------------------------------------------

--
-- Table structure for table `ezanaLMS_ModuleMemo`
--

CREATE TABLE `ezanaLMS_ModuleMemo` (
  `id` varchar(200) NOT NULL,
  `module_id` varchar(200) NOT NULL,
  `module_code` varchar(200) NOT NULL,
  `module_memo` longblob NOT NULL,
  `attachments` longtext NOT NULL,
  `created_by` varchar(200) NOT NULL,
  `created_on` timestamp NOT NULL DEFAULT CURRENT_TIMESTAMP ON UPDATE CURRENT_TIMESTAMP,
  `faculty_id` varchar(200) NOT NULL
) ENGINE=InnoDB DEFAULT CHARSET=latin1;

-- --------------------------------------------------------

--
-- Table structure for table `ezanaLMS_ModuleRecommended`
--

CREATE TABLE `ezanaLMS_ModuleRecommended` (
  `id` varchar(200) NOT NULL,
  `faculty_id` varchar(200) NOT NULL,
  `module_code` varchar(200) NOT NULL,
  `module_name` varchar(200) NOT NULL,
  `readingMaterials` varchar(200) NOT NULL,
  `external_link` varchar(200) NOT NULL,
  `visibility` varchar(200) NOT NULL,
  `created_at` timestamp NOT NULL DEFAULT CURRENT_TIMESTAMP ON UPDATE CURRENT_TIMESTAMP
) ENGINE=InnoDB DEFAULT CHARSET=latin1;

-- --------------------------------------------------------

--
-- Table structure for table `ezanaLMS_Modules`
--

CREATE TABLE `ezanaLMS_Modules` (
  `id` varchar(200) NOT NULL,
  `code` varchar(200) NOT NULL,
  `course_name` varchar(200) NOT NULL,
  `course_id` varchar(200) NOT NULL,
  `faculty_id` varchar(200) NOT NULL,
  `course_duration` varchar(200) NOT NULL,
  `name` varchar(200) NOT NULL,
  `exam_weight_percentage` varchar(200) NOT NULL,
  `cat_weight_percentage` varchar(200) NOT NULL,
  `lectures_number` varchar(200) NOT NULL,
  `details` longblob NOT NULL,
  `ass_status` tinyint(2) NOT NULL,
  `created_at` varchar(200) NOT NULL,
  `updated_at` varchar(200) NOT NULL
) ENGINE=InnoDB DEFAULT CHARSET=latin1;

--
-- Dumping data for table `ezanaLMS_Modules`
--

INSERT INTO `ezanaLMS_Modules` (`id`, `code`, `course_name`, `course_id`, `faculty_id`, `course_duration`, `name`, `exam_weight_percentage`, `cat_weight_percentage`, `lectures_number`, `details`, `ass_status`, `created_at`, `updated_at`) VALUES
('00a3fb07813faa9c365e264a1a565934d09601d39b', 'BICM 1051', 'Bachelors In Computational Mathematics', '78a65ef45e7ad2a9b201b96f227b353e3bd0ecf6b1', 'ba52fc866349d5af05addecba35600d0fd970ef7ba', '4 Months', 'Advanced Probability And Statistics', '70 %', '30 %', '5', 0x3c703e416476616e6365642050726f626162696c69747920416e64205374617469737469637320697320616e20616476616e63656420636f7572736520696e20636f6d7075746174696f6e616c206d617468656d617469637320636f757273652e3c62723e3c2f703e, 1, '22 Apr 2021', '22 Apr 2021'),
('052b62a629819a6e165078fab7071dec9f541f5321', 'BICM 103', 'Bachelors In Computational Mathematics', '78a65ef45e7ad2a9b201b96f227b353e3bd0ecf6b1', 'ba52fc866349d5af05addecba35600d0fd970ef7ba', '4 Months', 'Numerical Computation', '70 %', '30 %', '4', 0x3c703e4e756d65726963616c20616e616c7973697320697320746865207374756479206f6620616c676f726974686d73207468617420757365206e756d65726963616c20617070726f78696d6174696f6e20286173206f70706f73656420746f2073796d626f6c6963206d616e6970756c6174696f6e732920666f72207468652070726f626c656d73206f66206d617468656d61746963616c20616e616c79736973202861732064697374696e677569736865642066726f6d206469736372657465206d617468656d6174696373292e204e756d65726963616c20616e616c79736973206e61747572616c6c792066696e6473206170706c69636174696f6e20696e20616c6c206669656c6473206f6620656e67696e656572696e6720616e642074686520706879736963616c20736369656e6365732c2062757420696e2074686520323173742063656e7475727920616c736f20746865206c69666520736369656e6365732c20736f6369616c20736369656e6365732c206d65646963696e652c20627573696e65737320616e64206576656e20746865206172747320686176652061646f7074656420656c656d656e7473206f6620736369656e746966696320636f6d7075746174696f6e732e205468652067726f77746820696e20636f6d707574696e6720706f77657220686173207265766f6c7574696f6e697a65642074686520757365206f66207265616c6973746963206d617468656d61746963616c206d6f64656c7320696e20736369656e636520616e6420656e67696e656572696e672c20616e6420737562746c65206e756d65726963616c20616e616c7973697320697320726571756972656420746f20696d706c656d656e742074686573652064657461696c6564206d6f64656c73206f662074686520776f726c642e20466f72206578616d706c652c206f7264696e61727920646966666572656e7469616c206571756174696f6e732061707065617220696e2063656c65737469616c206d656368616e696373202870726564696374696e6720746865206d6f74696f6e73206f6620706c616e6574732c20737461727320616e642067616c6178696573293b206e756d65726963616c206c696e65617220616c676562726120697320696d706f7274616e7420666f72206461746120616e616c797369733b5b325d5b335d5b345d3c2f703e3c703e2073746f6368617374696320646966666572656e7469616c206571756174696f6e7320616e64204d61726b6f7620636861696e732061726520657373656e7469616c20696e2073696d756c6174696e67206c6976696e672063656c6c7320666f72206d65646963696e6520616e642062696f6c6f67792e0d0a0d0a4265666f72652074686520616476656e74206f66206d6f6465726e20636f6d7075746572732c206e756d65726963616c206d6574686f6473206f6674656e20646570656e646564206f6e2068616e6420696e746572706f6c6174696f6e20666f726d756c6173206170706c69656420746f20646174612066726f6d206c61726765207072696e746564207461626c65732e2053696e636520746865206d696420323074682063656e747572792c20636f6d7075746572732063616c63756c617465207468652072657175697265642066756e6374696f6e7320696e73746561642c20627574206d616e79206f66207468652073616d6520666f726d756c6173206e657665727468656c65737320636f6e74696e756520746f20626520757365642061732070617274206f662074686520736f66747761726520616c676f726974686d732e5b355d0d0a0d0a546865206e756d65726963616c20706f696e74206f66207669657720676f6573206261636b20746f20746865206561726c69657374206d617468656d61746963616c2077726974696e67732e2041207461626c65742066726f6d207468652059616c6520426162796c6f6e69616e20436f6c6c656374696f6e20285942432037323839292c20676976657320612073657861676573696d616c206e756d65726963616c20617070726f78696d6174696f6e206f66207468652073717561726520726f6f74206f6620322c20746865206c656e677468206f662074686520646961676f6e616c20696e206120756e6974207371756172652e0d0a0d0a4e756d65726963616c20616e616c7973697320636f6e74696e7565732074686973206c6f6e6720747261646974696f6e3a20726174686572207468616e2065786163742073796d626f6c696320616e73776572732c2077686963682063616e206f6e6c79206265206170706c69656420746f207265616c2d776f726c64206d6561737572656d656e7473206279207472616e736c6174696f6e20696e746f206469676974732c20697420676976657320617070726f78696d61746520736f6c7574696f6e732077697468696e20737065636966696564206572726f7220626f756e64732e203c2f703e, 1, '29 Mar 2021', '26 Apr 2021'),
('3699d9d9a098a82802aa8f2e674de7808d07cdcd52', 'BCS 1190', 'Bachelors In Computer Science', '49943644fdc0a65810f0c2f58de2ec69d0c8a9d307', 'ba52fc866349d5af05addecba35600d0fd970ef7ba', '4 Months', 'Object Oriented Programming', '70 %', '30 %', '2', 0x3c703e4f626a6563742d6f7269656e7465642070726f6772616d6d696e6720284f4f502920697320612070726f6772616d6d696e6720706172616469676d206261736564206f6e2074686520636f6e63657074206f6620226f626a65637473222c2077686963682063616e20636f6e7461696e206461746120616e6420636f64653a206461746120696e2074686520666f726d206f66206669656c647320286f6674656e206b6e6f776e2061732061747472696275746573206f722070726f70657274696573292c20616e6420636f64652c20696e2074686520666f726d206f662070726f6365647572657320286f6674656e206b6e6f776e206173206d6574686f6473292e0d0a0d0a412066656174757265206f66206f626a65637473206973207468617420616e206f626a6563742773206f776e2070726f636564757265732063616e2061636365737320616e64206f6674656e206d6f64696679207468652064617461206669656c6473206f6620697473656c6620286f626a6563747320686176652061206e6f74696f6e206f662074686973206f722073656c66292e20496e204f4f502c20636f6d70757465722070726f6772616d73206172652064657369676e6564206279206d616b696e67207468656d206f7574206f66206f626a65637473207468617420696e7465726163742077697468206f6e6520616e6f746865722e5b315d5b325d3c2f703e3c703e204f4f50206c616e6775616765732061726520646976657273652c2062757420746865206d6f737420706f70756c6172206f6e65732061726520636c6173732d62617365642c206d65616e696e672074686174206f626a656374732061726520696e7374616e636573206f6620636c61737365732c20776869636820616c736f2064657465726d696e652074686569722074797065732e0d0a0d0a4d616e79206f6620746865206d6f737420776964656c7920757365642070726f6772616d6d696e67206c616e67756167657320287375636820617320432b2b2c204a6176612c20507974686f6e2c206574632e2920617265206d756c74692d706172616469676d20616e64207468657920737570706f7274206f626a6563742d6f7269656e7465642070726f6772616d6d696e6720746f20612067726561746572206f72206c6573736572206465677265652c207479706963616c6c7920696e20636f6d62696e6174696f6e207769746820696d70657261746976652c2070726f6365647572616c2070726f6772616d6d696e672e205369676e69666963616e74206f626a6563742d6f7269656e746564206c616e67756167657320696e636c7564653a20286c697374206f72646572206261736564206f6e2054494f424520696e64657829204a6176612c20432b2b2c2043232c20507974686f6e2c20522c205048502c2056697375616c2042617369632e4e45542c204a6176615363726970742c20527562792c205065726c2c204f626a6563742050617363616c2c204f626a6563746976652d432c20446172742c2053776966742c205363616c612c204b6f746c696e2c20436f6d6d6f6e204c6973702c204d41544c41422c20616e6420536d616c6c74616c6b2e203c2f703e, 1, '31 Mar 2021', '23 Apr 2021'),
('5d06eacbf35dc90d6602e85393bb27a51f433fddf4', 'UDPQA13486', 'Diploma In Computer Science', '9bd615c255bc533378e946171d9b8fa61980605a70', 'ba52fc866349d5af05addecba35600d0fd970ef7ba', '4 Months', 'Information Systems', '70 %', '30 %', '4', 0x3c703e496e666f726d6174696f6e2073797374656d73206973206120636f7265c2a0206469706c6f6d61206d6f64756c652e3c62723e3c2f703e, 0, '19 Apr 2021', '19 Apr 2021'),
('69488c64666d64defa40625c14e92323c27d7fa0ed', 'JOIVB34569', 'Certificate In Quantum Computing', '02abafc898bc2b993cc646fff7fd94078442f33c1c', 'ba52fc866349d5af05addecba35600d0fd970ef7ba', '4 Months', 'Quantum Computing 101', '70 %', '30 %', '4', 0x3c703e5175616e74756d20436f6d707574696e67203130315175616e74756d20436f6d707574696e67203130315175616e74756d20436f6d707574696e67203130315175616e74756d20436f6d707574696e67203130315175616e74756d20436f6d707574696e67203130315175616e74756d20436f6d707574696e67203130315175616e74756d20436f6d707574696e67203130315175616e74756d20436f6d707574696e67203130315175616e74756d20436f6d707574696e67203130315175616e74756d20436f6d707574696e67203130315175616e74756d20436f6d707574696e67203130315175616e74756d20436f6d707574696e67203130315175616e74756d20436f6d707574696e67203130315175616e74756d20436f6d707574696e67203130315175616e74756d20436f6d707574696e67203130315175616e74756d20436f6d707574696e67203130315175616e74756d20436f6d707574696e67203130315175616e74756d20436f6d707574696e672031303c62723e3c2f703e, 0, '21 Apr 2021', '21 Apr 2021'),
('83df2612da68c0243ccbf3836a78f6ec2cc1575014', 'BICM 1050', 'Bachelors In Computational Mathematics', '78a65ef45e7ad2a9b201b96f227b353e3bd0ecf6b1', 'ba52fc866349d5af05addecba35600d0fd970ef7ba', '4 Months', 'Probability And Statistics', '70 %', '30 %', '3', 0x3c703e50726f626162696c69747920416e642053746174697374696373206973206120636f7265206d6f64756c6520696e20636f6d7075746174696f6e616c206d617468656d61746963732e3c62723e3c2f703e, 1, '22 Apr 2021', ''),
('acf6b89d367d2c6859ed9acf0d9f92de81f1ca3379', 'DICS 1010', 'Diploma In Computer Science', '9bd615c255bc533378e946171d9b8fa61980605a70', 'ba52fc866349d5af05addecba35600d0fd970ef7ba', '4 Months', 'Digital Electronics 1', '70 %', '30 %', '3', 0x4469676974616c20456c656374726f6e696373204d6f64756c652044657461696c732e, 0, '05 Apr 2021', ''),
('b64d04da5331ebd753398d7c73ad69958048d5d9fe', 'BICM 102', 'Bachelors In Computational Mathematics', '78a65ef45e7ad2a9b201b96f227b353e3bd0ecf6b1', 'ba52fc866349d5af05addecba35600d0fd970ef7ba', '4 Months', 'Basic Calculus', '70 %', '30 %', '2', 0x3c703e43616c63756c75732c206f726967696e616c6c792063616c6c656420696e66696e69746573696d616c2063616c63756c7573206f7220227468652063616c63756c7573206f6620696e66696e69746573696d616c73222c20697320746865206d617468656d61746963616c207374756479206f6620636f6e74696e756f7573206368616e67652c20696e207468652073616d652077617920746861742067656f6d6574727920697320746865207374756479206f6620736861706520616e6420616c676562726120697320746865207374756479206f662067656e6572616c697a6174696f6e73206f662061726974686d65746963206f7065726174696f6e732e0d0a0d0a4974206861732074776f206d616a6f72206272616e636865732c20646966666572656e7469616c2063616c63756c757320616e6420696e74656772616c2063616c63756c75733b2074686520666f726d657220636f6e6365726e7320696e7374616e74616e656f7573207261746573206f66206368616e67652c20616e642074686520736c6f706573206f66206375727665732c207768696c6520696e74656772616c2063616c63756c757320636f6e6365726e7320616363756d756c6174696f6e206f66207175616e7469746965732c20616e6420617265617320756e646572206f72206265747765656e206375727665732e2054686573652074776f206272616e63686573206172652072656c6174656420746f2065616368206f74686572206279207468652066756e64616d656e74616c207468656f72656d206f662063616c63756c75732c20616e642074686579206d616b6520757365206f66207468652066756e64616d656e74616c206e6f74696f6e73206f6620636f6e76657267656e6365206f6620696e66696e6974652073657175656e63657320616e6420696e66696e6974652073657269657320746f20612077656c6c2d646566696e6564206c696d69742e5b315d0d0a0d0a496e66696e69746573696d616c2063616c63756c75732077617320646576656c6f70656420696e646570656e64656e746c7920696e20746865206c61746520313774682063656e74757279206279204973616163204e6577746f6e20616e6420476f747466726965642057696c68656c6d204c6569626e697a2e5b325d5b335d3c2f703e3c703e20546f6461792c2063616c63756c7573206861732077696465737072656164207573657320696e20736369656e63652c20656e67696e656572696e672c20616e642065636f6e6f6d6963732e5b345d0d0a0d0a496e206d617468656d617469637320656475636174696f6e2c2063616c63756c75732064656e6f74657320636f7572736573206f6620656c656d656e74617279206d617468656d61746963616c20616e616c797369732c20776869636820617265206d61696e6c79206465766f74656420746f20746865207374756479206f662066756e6374696f6e7320616e64206c696d6974732e2054686520776f72642063616c63756c75732028706c7572616c2063616c63756c69292069732061204c6174696e20776f72642c206d65616e696e67206f726967696e616c6c792022736d616c6c20706562626c6522202874686973206d65616e696e67206973206b65707420696e206d65646963696e6520e28093207365652043616c63756c757320286d65646963696e6529292e2042656361757365207375636820706562626c65732077657265207573656420666f7220636f756e74696e6720286f72206d6561737572696e672920612064697374616e63652074726176656c6c6564206279207472616e73706f72746174696f6e206465766963657320696e2075736520696e20616e6369656e7420526f6d655b355d2c20746865206d65616e696e67206f662074686520776f7264206861732065766f6c76656420616e6420746f64617920757375616c6c79206d65616e732061206d6574686f64206f6620636f6d7075746174696f6e2e204974206973207468657265666f7265207573656420666f72206e616d696e67207370656369666963206d6574686f6473206f662063616c63756c6174696f6e20616e642072656c61746564207468656f726965732c20737563682061732070726f706f736974696f6e616c2063616c63756c75732c2052696363692063616c63756c75732c2063616c63756c7573206f6620766172696174696f6e732c206c616d6264612063616c63756c75732c20616e642070726f636573732063616c63756c75732e203c2f703e, 1, '29 Mar 2021', '19 Apr 2021'),
('b9adc76da9eb039117c5e9b7bcbe302b0262f5744a', 'BICM 101', 'Bachelors In Computational Mathematics', '78a65ef45e7ad2a9b201b96f227b353e3bd0ecf6b1', 'ba52fc866349d5af05addecba35600d0fd970ef7ba', '4 Months', 'Linear Algebra', '70 %', '30 %', '2', 0x4c696e65617220616c676562726120697320746865206272616e6368206f66206d617468656d617469637320636f6e6365726e696e67206c696e656172206571756174696f6e7320737563682061733a0d0a0d0a2020202061203120782031202b20e28baf202b2061206e2078206e203d2062202c207b5c646973706c61797374796c6520615f7b317d785f7b317d2b5c63646f7473202b615f7b6e7d785f7b6e7d3d622c7d207b5c646973706c61797374796c6520615f7b317d785f7b317d2b5c63646f7473202b615f7b6e7d785f7b6e7d3d622c7d0d0a0d0a6c696e656172206d61707320737563682061733a0d0a0d0a202020202820782031202c20e280a6202c2078206e202920e286a62061203120782031202b20e28baf202b2061206e2078206e202c207b5c646973706c61797374796c652028785f7b317d2c5c6c646f7473202c785f7b6e7d295c6d617073746f20615f7b317d785f7b317d2b5c63646f7473202b615f7b6e7d785f7b6e7d2c7d207b5c646973706c61797374796c652028785f7b317d2c5c6c646f7473202c785f7b6e7d295c6d617073746f20615f7b317d785f7b317d2b5c63646f7473202b615f7b6e7d785f7b6e7d2c7d0d0a0d0a616e6420746865697220726570726573656e746174696f6e7320696e20766563746f722073706163657320616e64207468726f756768206d617472696365732e5b315d5b325d5b335d0d0a0d0a4c696e65617220616c67656272612069732063656e7472616c20746f20616c6d6f737420616c6c206172656173206f66206d617468656d61746963732e20466f7220696e7374616e63652c206c696e65617220616c67656272612069732066756e64616d656e74616c20696e206d6f6465726e2070726573656e746174696f6e73206f662067656f6d657472792c20696e636c7564696e6720666f7220646566696e696e67206261736963206f626a656374732073756368206173206c696e65732c20706c616e657320616e6420726f746174696f6e732e20416c736f2c2066756e6374696f6e616c20616e616c797369732c2061206272616e6368206f66206d617468656d61746963616c20616e616c797369732c206d617920626520766965776564206173206261736963616c6c7920746865206170706c69636174696f6e206f66206c696e65617220616c676562726120746f20737061636573206f662066756e6374696f6e732e0d0a0d0a4c696e65617220616c676562726120697320616c736f207573656420696e206d6f737420736369656e63657320616e64206669656c6473206f6620656e67696e656572696e672c206265636175736520697420616c6c6f7773206d6f64656c696e67206d616e79206e61747572616c207068656e6f6d656e612c20616e6420636f6d707574696e6720656666696369656e746c7920776974682073756368206d6f64656c732e20466f72206e6f6e6c696e6561722073797374656d732c2077686963682063616e6e6f74206265206d6f64656c65642077697468206c696e65617220616c67656272612c206974206973206f6674656e207573656420666f72206465616c696e6720776974682066697273742d6f7264657220617070726f78696d6174696f6e732c207573696e6720746865206661637420746861742074686520646966666572656e7469616c206f662061206d756c7469766172696174652066756e6374696f6e206174206120706f696e7420697320746865206c696e656172206d61702074686174206265737420617070726f78696d61746573207468652066756e6374696f6e206e656172207468617420706f696e742e20, 1, '29 Mar 2021', ''),
('eeb79907b162b0fc76bae42908cbc706cb7c9f750b', 'BSC 010', 'Bachelors In Computer Science', '49943644fdc0a65810f0c2f58de2ec69d0c8a9d307', 'ba52fc866349d5af05addecba35600d0fd970ef7ba', '4 Months', 'Programming Principles', '70 %', '30 %', '3', 0x4f6666656e736976652070726f6772616d6d696e672069732061206e616d65207573656420666f7220746865206272616e6368206f6620646566656e736976652070726f6772616d6d696e67207468617420657870726573736c7920646570617274732066726f6d20646566656e73697665207072696e6369706c6573207768656e206465616c696e672077697468206572726f727320726573756c74696e672066726f6d20736f66747761726520627567732e20416c74686f75676820746865206e616d652069732061207265616374696f6e20746f2065787472656d6520696e746572707265746174696f6e73206f6620646566656e736976652070726f6772616d6d696e672c207468652074776f20617265206e6f742066756e64616d656e74616c6c7920696e20636f6e666c6963742e205261746865722c206f6666656e736976652070726f6772616d6d696e67206164647320616e206578706c69636974207072696f72697479206f66206e6f7420746f6c65726174696e67206572726f727320696e2077726f6e6720706c616365733a2074686520706f696e7420776865726520697420646570617274732066726f6d2065787472656d6520696e746572707265746174696f6e73206f6620646566656e736976652070726f6772616d6d696e6720697320696e2070726566657272696e67207468652070726573656e6365206f66206572726f72732066726f6d2077697468696e207468652070726f6772616d2773206c696e65206f6620646566656e736520746f20626520626c6174616e746c79206f6276696f7573206f76657220746865206879706f746865746963616c207361666574792062656e65666974206f6620746f6c65726174696e67207468656d2e5b315d5b325d205468697320707265666572656e636520697320616c736f2077686174206a7573746966696573207573696e6720617373657274696f6e732e0d0a, 0, '29 Mar 2021', '19 Apr 2021');

-- --------------------------------------------------------

--
-- Table structure for table `ezanaLMS_ModulesAnnouncements`
--

CREATE TABLE `ezanaLMS_ModulesAnnouncements` (
  `id` varchar(200) NOT NULL,
  `module_name` varchar(200) NOT NULL,
  `module_code` varchar(200) NOT NULL,
  `announcements` longblob NOT NULL,
  `attachments` longtext NOT NULL,
  `created_by` varchar(200) NOT NULL,
  `created_at` timestamp NOT NULL DEFAULT CURRENT_TIMESTAMP ON UPDATE CURRENT_TIMESTAMP,
  `faculty_id` varchar(200) NOT NULL
) ENGINE=InnoDB DEFAULT CHARSET=latin1;

-- --------------------------------------------------------

--
-- Table structure for table `ezanaLMS_Notifications`
--

CREATE TABLE `ezanaLMS_Notifications` (
  `id` int(20) NOT NULL,
  `type` varchar(200) NOT NULL,
  `status` varchar(200) NOT NULL,
  `notification_detail` longblob NOT NULL,
  `created_at` timestamp NOT NULL DEFAULT CURRENT_TIMESTAMP ON UPDATE CURRENT_TIMESTAMP
) ENGINE=InnoDB DEFAULT CHARSET=latin1;

-- --------------------------------------------------------

--
-- Table structure for table `ezanaLMS_PasswordResets`
--

CREATE TABLE `ezanaLMS_PasswordResets` (
  `id` varchar(200) NOT NULL,
  `token` varchar(200) NOT NULL,
  `new_pass` varchar(200) NOT NULL,
  `acc_type` varchar(200) NOT NULL,
  `email` varchar(200) NOT NULL,
  `created_at` timestamp NOT NULL DEFAULT CURRENT_TIMESTAMP ON UPDATE CURRENT_TIMESTAMP,
  `status` varchar(200) NOT NULL
) ENGINE=InnoDB DEFAULT CHARSET=latin1;

-- --------------------------------------------------------

--
-- Table structure for table `ezanaLMS_PastPapers`
--

CREATE TABLE `ezanaLMS_PastPapers` (
  `id` varchar(200) NOT NULL,
  `faculty_id` varchar(200) NOT NULL,
  `module_name` varchar(200) NOT NULL,
  `course_name` varchar(200) NOT NULL,
  `paper_name` varchar(200) NOT NULL,
  `pastpaper` varchar(200) NOT NULL,
  `created_at` timestamp NOT NULL DEFAULT CURRENT_TIMESTAMP ON UPDATE CURRENT_TIMESTAMP,
  `solution` varchar(200) NOT NULL,
  `solution_visibility` varchar(200) NOT NULL,
  `paper_visibility` varchar(200) NOT NULL
) ENGINE=InnoDB DEFAULT CHARSET=latin1;

-- --------------------------------------------------------

--
-- Table structure for table `ezanaLMS_Settings`
--

CREATE TABLE `ezanaLMS_Settings` (
  `id` int(20) NOT NULL,
  `sysname` longtext NOT NULL,
  `logo` longtext NOT NULL,
  `version` varchar(200) NOT NULL,
  `policy` blob NOT NULL,
  `calendar_iframe` longblob NOT NULL,
  `stmp_host` varchar(200) NOT NULL,
  `stmp_port` varchar(200) NOT NULL,
  `stmp_sent_from` varchar(200) NOT NULL,
  `stmp_username` varchar(200) NOT NULL,
  `stmp_password` varchar(200) NOT NULL
) ENGINE=InnoDB DEFAULT CHARSET=latin1;

--
-- Dumping data for table `ezanaLMS_Settings`
--

INSERT INTO `ezanaLMS_Settings` (`id`, `sysname`, `logo`, `version`, `policy`, `calendar_iframe`, `stmp_host`, `stmp_port`, `stmp_sent_from`, `stmp_username`, `stmp_password`) VALUES
(1, 'Ezana', 'logo.png', '1.3.0 Beta', '', 0x3c696672616d65207372633d2268747470733a2f2f63616c656e6461722e676f6f676c652e636f6d2f63616c656e6461722f656d6265643f6865696768743d36303026776b73743d31266267636f6c6f723d2532336666666666662663747a3d4166726963612532464e6169726f6269267372633d4e7a5a6c636e4e7a645773344d7a4a6d5a445533645463316358497a4d7a4a314f5764415a334a7664584175593246735a57356b595849755a3239765a32786c4c6d4e766251267372633d5a5734756132556a61473973615752686555426e636d3931634335324c6d4e68624756755a4746794c6d6476623264735a53356a62323026636f6c6f723d25323345344334343126636f6c6f723d2532333042383034332673686f775469746c653d302673686f77547a3d3022207374796c653d22626f726465722d77696474683a30222077696474683d223130353022206865696768743d2236303022206672616d65626f726465723d223022207363726f6c6c696e673d226e6f22203e3c2f696672616d653e, 'n3plcpnl0282.prod.ams3.secureserver.net', '465', 'noreply@ezana.org', 'noreply@ezana.org', 'No_Reply@Ezana.Org');

-- --------------------------------------------------------

--
-- Table structure for table `ezanaLMS_StudentAnswers`
--

CREATE TABLE `ezanaLMS_StudentAnswers` (
  `id` varchar(200) NOT NULL,
  `exam_id` varchar(200) NOT NULL,
  `module_code` varchar(200) NOT NULL,
  `module_name` varchar(200) NOT NULL,
  `attachments` varchar(200) NOT NULL,
  `student_regno` varchar(200) NOT NULL,
  `student_name` varchar(200) NOT NULL,
  `created_at` varchar(200) NOT NULL,
  `status` varchar(200) NOT NULL
) ENGINE=InnoDB DEFAULT CHARSET=latin1;

-- --------------------------------------------------------

--
-- Table structure for table `ezanaLMS_StudentGrades`
--

CREATE TABLE `ezanaLMS_StudentGrades` (
  `id` varchar(200) NOT NULL,
  `module_name` varchar(200) NOT NULL,
  `module_code` varchar(200) NOT NULL,
  `student_name` varchar(200) NOT NULL,
  `student_regno` varchar(200) NOT NULL,
  `marks_attained` varchar(200) NOT NULL,
  `created_at` varchar(200) NOT NULL,
  `status` varchar(200) NOT NULL
) ENGINE=InnoDB DEFAULT CHARSET=latin1;

-- --------------------------------------------------------

--
-- Table structure for table `ezanaLMS_StudentModuleGrades`
--

CREATE TABLE `ezanaLMS_StudentModuleGrades` (
  `id` varchar(200) NOT NULL,
  `regno` varchar(200) NOT NULL,
  `name` varchar(200) NOT NULL,
  `module_code` varchar(200) NOT NULL,
  `module_name` varchar(200) NOT NULL,
  `marks` varchar(200) NOT NULL,
  `semester` varchar(200) NOT NULL,
  `academic_year` varchar(200) NOT NULL,
  `course_id` varchar(200) NOT NULL
) ENGINE=InnoDB DEFAULT CHARSET=latin1;

-- --------------------------------------------------------

--
-- Table structure for table `ezanaLMS_Students`
--

CREATE TABLE `ezanaLMS_Students` (
  `id` varchar(200) NOT NULL,
  `admno` varchar(200) NOT NULL,
  `name` varchar(200) NOT NULL,
  `email` varchar(200) NOT NULL,
  `password` varchar(200) NOT NULL,
  `phone` varchar(200) NOT NULL,
  `adr` varchar(200) NOT NULL,
  `dob` varchar(200) NOT NULL,
  `idno` varchar(200) NOT NULL,
  `gender` varchar(200) NOT NULL,
  `acc_status` varchar(200) NOT NULL,
  `created_at` varchar(200) NOT NULL,
  `updated_at` varchar(200) NOT NULL,
  `profile_pic` varchar(200) NOT NULL,
  `faculty_id` varchar(200) NOT NULL,
  `day_enrolled` varchar(200) NOT NULL,
  `school` varchar(200) NOT NULL,
  `course` varchar(200) NOT NULL,
  `department` varchar(200) NOT NULL,
  `current_year` varchar(200) NOT NULL,
  `no_of_modules` varchar(200) NOT NULL
) ENGINE=InnoDB DEFAULT CHARSET=latin1;

-- --------------------------------------------------------

--
-- Table structure for table `ezanaLMS_StudentsGroups`
--

CREATE TABLE `ezanaLMS_StudentsGroups` (
  `id` varchar(200) NOT NULL,
  `faculty_id` varchar(200) NOT NULL,
  `name` varchar(200) NOT NULL,
  `code` varchar(200) NOT NULL,
  `student_admn` varchar(200) NOT NULL,
  `student_name` varchar(200) NOT NULL,
  `created_at` timestamp NOT NULL DEFAULT CURRENT_TIMESTAMP ON UPDATE CURRENT_TIMESTAMP
) ENGINE=InnoDB DEFAULT CHARSET=latin1;

-- --------------------------------------------------------

--
-- Table structure for table `ezanaLMS_TimeTable`
--

CREATE TABLE `ezanaLMS_TimeTable` (
  `id` varchar(200) NOT NULL,
  `faculty_id` varchar(200) NOT NULL,
  `course_code` varchar(200) NOT NULL,
  `course_name` varchar(200) NOT NULL,
  `module_code` varchar(200) NOT NULL,
  `module_name` varchar(200) NOT NULL,
  `lecturer` varchar(200) NOT NULL,
  `day` varchar(200) NOT NULL,
  `time` varchar(200) NOT NULL,
  `room` varchar(200) NOT NULL,
  `link` varchar(200) NOT NULL
) ENGINE=InnoDB DEFAULT CHARSET=latin1;

--
-- Dumping data for table `ezanaLMS_TimeTable`
--

INSERT INTO `ezanaLMS_TimeTable` (`id`, `faculty_id`, `course_code`, `course_name`, `module_code`, `module_name`, `lecturer`, `day`, `time`, `room`, `link`) VALUES
('02e58695745b81f4ae156e9de31620b5adaabbd9f7', 'ba52fc866349d5af05addecba35600d0fd970ef7ba', 'BCM', 'Bachelors In Computational Mathematics', 'BICM 102', 'Basic CalculusBasic Calculus', 'Lecturer 0001Lecturer 0005', 'Monday', '12:00 Noon - 03 : 00 PM', '3', ''),
('5b572e97c06efc36cb3fac7396185733f2082540b3', 'ba52fc866349d5af05addecba35600d0fd970ef7ba', 'DICS', 'Diploma In Computer Science', 'DICS 1010', 'Digital Electronics 1', 'Lecturer 0001', 'Monday', '12:00 Noon - 03 : 00 PM', 'R 18', ''),
('62ce0b1f735fa3c1630771299229304cd155c82d91', 'ba52fc866349d5af05addecba35600d0fd970ef7ba', 'BCM', 'Bachelors In Computational Mathematics', 'BICM 101', 'Linear Algebra', 'Lecturer 0001', 'Tuesday', '12:00 Noon - 03 : 00 PM', '7', '');

-- --------------------------------------------------------

--
-- Table structure for table `ezanaLMS_UserLog`
--

CREATE TABLE `ezanaLMS_UserLog` (
  `id` int(11) NOT NULL,
  `user_id` varchar(200) NOT NULL,
  `name` varchar(255) NOT NULL,
  `ip` varbinary(16) NOT NULL,
  `loginTime` varchar(200) NOT NULL,
  `User_Rank` varchar(200) NOT NULL
) ENGINE=InnoDB DEFAULT CHARSET=latin1;

--
-- Dumping data for table `ezanaLMS_UserLog`
--

INSERT INTO `ezanaLMS_UserLog` (`id`, `user_id`, `name`, `ip`, `loginTime`, `User_Rank`) VALUES
(1, 'a69681bcf334ae130217fea4505fd3c994f5683f', 'sysadmin@ezana.org', 0x3132372e302e302e31, '2021-06-09', 'Administrator'),
(2, '9297d8fd206b8142231d701f65686f2c4f88b5ac5b', 'martdevelopers254@gmail.com', 0x3132372e302e302e31, '2021-06-09', 'Administrator'),
(3, '9297d8fd206b8142231d701f65686f2c4f88b5ac5b', 'martdevelopers254@gmail.com', 0x3132372e302e302e31, '2021-06-09', 'Administrator'),
(4, 'a69681bcf334ae130217fea4505fd3c994f5683f', 'sysadmin@ezana.org', 0x3132372e302e302e31, '2021-06-09', 'Administrator'),
(5, '55299935703a02a86d0e6c2f3d104a204afd9f10ff', 'martdevelopers254@gmail.com', 0x3132372e302e302e31, '2021-06-09', 'Lecturer'),
(6, '9297d8fd206b8142231d701f65686f2c4f88b5ac5b', 'martdevelopers254@gmail.com', 0x3132372e302e302e31, '2021-06-09', 'Administrator'),
(7, '55299935703a02a86d0e6c2f3d104a204afd9f10ff', 'martdevelopers254@gmail.com', 0x3132372e302e302e31, '2021-06-09', 'Lecturer'),
(8, 'ee54a1f3eed8f918acbe238ef4c4b8cf8603b4726e', 'martinezmbithi@gmail.com', 0x3132372e302e302e31, '2021-06-09', 'Student');

-- --------------------------------------------------------

--
-- Table structure for table `ezanaLMS_UserRequests`
--

CREATE TABLE `ezanaLMS_UserRequests` (
  `id` varchar(200) NOT NULL,
  `name` varchar(200) NOT NULL,
  `email` varchar(200) NOT NULL,
  `number` varchar(200) NOT NULL,
  `request` longtext NOT NULL,
  `progress` longtext NOT NULL,
  `status` longtext NOT NULL,
  `created_at` timestamp NOT NULL DEFAULT CURRENT_TIMESTAMP ON UPDATE CURRENT_TIMESTAMP
) ENGINE=InnoDB DEFAULT CHARSET=latin1;

--
-- Indexes for dumped tables
--

--
-- Indexes for table `ezanaLMS_AcademicSettings`
--
ALTER TABLE `ezanaLMS_AcademicSettings`
  ADD PRIMARY KEY (`id`);

--
-- Indexes for table `ezanaLMS_Admins`
--
ALTER TABLE `ezanaLMS_Admins`
  ADD PRIMARY KEY (`id`);

--
-- Indexes for table `ezanaLMS_AssignmentsAttempts`
--
ALTER TABLE `ezanaLMS_AssignmentsAttempts`
  ADD PRIMARY KEY (`id`);

--
-- Indexes for table `ezanaLMS_BugReports`
--
ALTER TABLE `ezanaLMS_BugReports`
  ADD PRIMARY KEY (`id`);

--
-- Indexes for table `ezanaLMS_Calendar`
--
ALTER TABLE `ezanaLMS_Calendar`
  ADD PRIMARY KEY (`id`);

--
-- Indexes for table `ezanaLMS_ClassRecordings`
--
ALTER TABLE `ezanaLMS_ClassRecordings`
  ADD PRIMARY KEY (`id`);

--
-- Indexes for table `ezanaLMS_CourseDirectories`
--
ALTER TABLE `ezanaLMS_CourseDirectories`
  ADD PRIMARY KEY (`id`);

--
-- Indexes for table `ezanaLMS_CourseMemo`
--
ALTER TABLE `ezanaLMS_CourseMemo`
  ADD PRIMARY KEY (`id`);

--
-- Indexes for table `ezanaLMS_Courses`
--
ALTER TABLE `ezanaLMS_Courses`
  ADD PRIMARY KEY (`id`);

--
-- Indexes for table `ezanaLMS_DepartmentalMemos`
--
ALTER TABLE `ezanaLMS_DepartmentalMemos`
  ADD PRIMARY KEY (`id`);

--
-- Indexes for table `ezanaLMS_Departments`
--
ALTER TABLE `ezanaLMS_Departments`
  ADD PRIMARY KEY (`id`);

--
-- Indexes for table `ezanaLMS_Enrollments`
--
ALTER TABLE `ezanaLMS_Enrollments`
  ADD PRIMARY KEY (`id`);

--
-- Indexes for table `ezanaLMS_ExamQuestions`
--
ALTER TABLE `ezanaLMS_ExamQuestions`
  ADD PRIMARY KEY (`id`);

--
-- Indexes for table `ezanaLMS_Faculties`
--
ALTER TABLE `ezanaLMS_Faculties`
  ADD PRIMARY KEY (`id`);

--
-- Indexes for table `ezanaLMS_Groups`
--
ALTER TABLE `ezanaLMS_Groups`
  ADD PRIMARY KEY (`id`);

--
-- Indexes for table `ezanaLMS_GroupsAnnouncements`
--
ALTER TABLE `ezanaLMS_GroupsAnnouncements`
  ADD PRIMARY KEY (`id`);

--
-- Indexes for table `ezanaLMS_GroupsAssignments`
--
ALTER TABLE `ezanaLMS_GroupsAssignments`
  ADD PRIMARY KEY (`id`);

--
-- Indexes for table `ezanaLMS_GroupsAssignmentsGrades`
--
ALTER TABLE `ezanaLMS_GroupsAssignmentsGrades`
  ADD PRIMARY KEY (`id`);

--
-- Indexes for table `ezanaLMS_Lecturers`
--
ALTER TABLE `ezanaLMS_Lecturers`
  ADD PRIMARY KEY (`id`);

--
-- Indexes for table `ezanaLMS_ModuleAssignments`
--
ALTER TABLE `ezanaLMS_ModuleAssignments`
  ADD PRIMARY KEY (`id`);

--
-- Indexes for table `ezanaLMS_ModuleAssigns`
--
ALTER TABLE `ezanaLMS_ModuleAssigns`
  ADD PRIMARY KEY (`id`);

--
-- Indexes for table `ezanaLMS_ModuleMemo`
--
ALTER TABLE `ezanaLMS_ModuleMemo`
  ADD PRIMARY KEY (`id`);

--
-- Indexes for table `ezanaLMS_ModuleRecommended`
--
ALTER TABLE `ezanaLMS_ModuleRecommended`
  ADD PRIMARY KEY (`id`);

--
-- Indexes for table `ezanaLMS_Modules`
--
ALTER TABLE `ezanaLMS_Modules`
  ADD PRIMARY KEY (`id`);

--
-- Indexes for table `ezanaLMS_ModulesAnnouncements`
--
ALTER TABLE `ezanaLMS_ModulesAnnouncements`
  ADD PRIMARY KEY (`id`);

--
-- Indexes for table `ezanaLMS_Notifications`
--
ALTER TABLE `ezanaLMS_Notifications`
  ADD PRIMARY KEY (`id`);

--
-- Indexes for table `ezanaLMS_PasswordResets`
--
ALTER TABLE `ezanaLMS_PasswordResets`
  ADD PRIMARY KEY (`id`);

--
-- Indexes for table `ezanaLMS_PastPapers`
--
ALTER TABLE `ezanaLMS_PastPapers`
  ADD PRIMARY KEY (`id`);

--
-- Indexes for table `ezanaLMS_Settings`
--
ALTER TABLE `ezanaLMS_Settings`
  ADD PRIMARY KEY (`id`);

--
-- Indexes for table `ezanaLMS_StudentAnswers`
--
ALTER TABLE `ezanaLMS_StudentAnswers`
  ADD PRIMARY KEY (`id`);

--
-- Indexes for table `ezanaLMS_StudentGrades`
--
ALTER TABLE `ezanaLMS_StudentGrades`
  ADD PRIMARY KEY (`id`);

--
-- Indexes for table `ezanaLMS_StudentModuleGrades`
--
ALTER TABLE `ezanaLMS_StudentModuleGrades`
  ADD PRIMARY KEY (`id`);

--
-- Indexes for table `ezanaLMS_Students`
--
ALTER TABLE `ezanaLMS_Students`
  ADD PRIMARY KEY (`id`);

--
-- Indexes for table `ezanaLMS_StudentsGroups`
--
ALTER TABLE `ezanaLMS_StudentsGroups`
  ADD PRIMARY KEY (`id`);

--
-- Indexes for table `ezanaLMS_TimeTable`
--
ALTER TABLE `ezanaLMS_TimeTable`
  ADD PRIMARY KEY (`id`);

--
-- Indexes for table `ezanaLMS_UserLog`
--
ALTER TABLE `ezanaLMS_UserLog`
  ADD PRIMARY KEY (`id`);

--
-- Indexes for table `ezanaLMS_UserRequests`
--
ALTER TABLE `ezanaLMS_UserRequests`
  ADD PRIMARY KEY (`id`);

--
-- AUTO_INCREMENT for dumped tables
--

--
-- AUTO_INCREMENT for table `ezanaLMS_AcademicSettings`
--
ALTER TABLE `ezanaLMS_AcademicSettings`
  MODIFY `id` int(20) NOT NULL AUTO_INCREMENT, AUTO_INCREMENT=2;

--
-- AUTO_INCREMENT for table `ezanaLMS_Notifications`
--
ALTER TABLE `ezanaLMS_Notifications`
  MODIFY `id` int(20) NOT NULL AUTO_INCREMENT;

--
-- AUTO_INCREMENT for table `ezanaLMS_Settings`
--
ALTER TABLE `ezanaLMS_Settings`
  MODIFY `id` int(20) NOT NULL AUTO_INCREMENT, AUTO_INCREMENT=2;

--
-- AUTO_INCREMENT for table `ezanaLMS_UserLog`
--
ALTER TABLE `ezanaLMS_UserLog`
  MODIFY `id` int(11) NOT NULL AUTO_INCREMENT, AUTO_INCREMENT=9;
COMMIT;

/*!40101 SET CHARACTER_SET_CLIENT=@OLD_CHARACTER_SET_CLIENT */;
/*!40101 SET CHARACTER_SET_RESULTS=@OLD_CHARACTER_SET_RESULTS */;
/*!40101 SET COLLATION_CONNECTION=@OLD_COLLATION_CONNECTION */;
